ID,Word
1,An
2,Editors
3,I
4,In
5,The
6,a
7,and
8,if
9,men
10,since
11,very
12,which
13,which
14,whose
15,A
16,As
17,A
18,All
19,Also
20,Anatomy
21,Another
22,Arabian
23,As
24,At
25,Axaxaxas
26,B
27,B
28,Babel
29,Basilides
30,Before
31,Before
32,Book
33,Borges
34,By
35,C
36,Cavalieri
37,Combed
38,Counter
39,Cramp
40,Crimson
41,Epidemics
42,Everything
43,First
44,Five
45,For
46,From
47,Gnostic
48,God
49,Guarani
50,He
51,Hexagon
52,Him
53,Him?
54,How
55,Jorge
56,Let
57,Letizia
58,Library
59,Library
60,Library
61,Library
62,Light
63,Like
64,Lithuanian
65,Luis
66,Man
67,Man
68,Many
69,Melancholy
70,Men
71,My
72,No
73,Obviously
74,Oh
75,On
76,Once
77,One
78,One
79,Only
80,Order
81,Others
82,Others
83,Perhaps
84,Plaster
85,Portuguese
86,Purifiers
87,Samoyedic
88,Second
89,Some
90,Someone
91,Suicide
92,The
93,Their
94,There
95,These
96,They
97,This
98,Those
99,Thousands
100,Thunderclap
101,To
102,Toledo
103,Translated
104,Twenty
105,Vindication
106,Vindication
107,Vindications
108,Vindications
109,We
110,When
111,Within
112,Yiddish
113,You
114,Your
115,feverish
116,treasures
117,a
118,ab
119,abandoned
120,abominable
121,about
122,absolute
123,absurd
124,abysmally
125,accepted
126,accidental
127,acts
128,adjective
129,administration
130,admit
131,adventures
132,aeterno
133,affirm
134,after
135,age
136,ago
137,ago
138,air
139,air
140,all
141,allpowerful
142,alleged
143,allegorical
144,allows
145,almost
146,along
147,alphabet
148,alphabet
149,already
150,also
151,although
152,always
153,am
154,an
155,analogous
156,analysis
157,ancient
158,and
159,and
160,annihilated
161,another
162,any
163,anything
164,anything
165,apology
166,apparent
167,appearances
168,application
169,arcana
170,archangels
171,are
172,area
173,areas
174,argue
175,arrive
176,art
177,articulate
178,as
179,ascetic
180,at
181,author
182,authorities
183,authors
184,autobiographies
185,axioms
186,banditry
187,barbarous
188,basic
189,be
190,be
191,be
192,bear
193,been
194,before
195,being
196,believe
197,believed
198,best
199,between
200,between
201,black
202,black
203,blasphemous
204,bodies
205,body
206,book
207,book
208,book
209,bookcase
210,books
211,books
212,books
213,born
214,bread
215,broken
216,but
217,by
218,cacophonies
219,call
220,came
221,can
222,cannot
223,canonical
224,capital
225,cast
226,catalogue
227,catalogue
228,catalogues
229,catalogues
230,catalogues
231,caused
232,cease
233,ceiling
234,center
235,centuries
236,century
237,century
238,certitude
239,chamber
240,chance
241,chance
242,changing
243,chaotic
244,characters
245,chief
246,childhood
247,circle
248,circuit
249,circular
250,circumference
251,claim
252,clarification
253,classic
254,classical
255,closets
256,coherence
257,color
258,combinations
259,combinative
260,combine
261,come
262,comma
263,comma
264,comma
265,commentary
266,compare
267,compendium
268,complete
269,composed
270,computed
271,conceivably
272,condemned
273,confirmed
274,conflicts
275,confuse
276,confusing
277,conjecture
278,consequences
279,considered
280,constantly
281,constructed
282,consult
283,consulted
284,contain
285,contained
286,containing
287,contains
288,contemplate
289,content
290,continuous
291,convenient
292,copy
293,corollary
294,correct
295,correspond
296,corresponded
297,corresponds
298,corridors
299,corridors
300,could
301,cover
302,credentials
303,cross
304,crude
305,cryptographical
306,cryptographs
307,cult
308,cup
309,curses
310,custom
311,cyclical
312,cyclical
313,danger
314,dark
315,de
316,dead
317,deal
318,death
319,death
320,decay
321,deceive
322,deceptive
323,decimated
324,decipher
325,deciphered
326,decoder
327,deduced
328,define
329,definition
330,degenerate
331,delicate
332,delirious
333,delirium
334,demiurgi
335,demonstrate
336,demonstration
337,denounce
338,deplore
339,depredations
340,depression
341,desperate
342,destroyed
343,detailed
344,dhcmrlchtdj
345,dialect
346,dialectical
347,dice
348,dictum
349,dictum
350,did
351,die
352,differ
353,different
354,digits
355,dimensions
356,direction
357,disappeared
358,discover
359,discovery
360,discuss
361,diseases
362,disks
363,disorder
364,disorder
365,displeasure
366,disputed
367,dissolve
368,distance
369,distances
370,distracts
371,distribution
372,districts
373,diverse
374,divine
375,divinity
376,do
377,does
378,doubt
379,down
380,dream
381,dreams
382,duplicates
383,duplication?
384,each
385,early
386,ecstasy
387,eighty
388,elegant
389,elements
390,eliminate
391,eloquent
392,else
393,emit
394,end
395,endlessly
396,endowment
397,endure
398,enigmatical
399,enormous
400,enough
401,entirely
402,entitled
403,epistle
404,equate
405,equipped
406,established
407,eternal
408,eternity
409,even
410,every
411,everything
412,ex
413,exact
414,exaggerated
415,examined
416,example
417,example
418,examples
419,exceeds
420,except
421,exception
422,excessive
423,excluded
424,execrated
425,exemplify
426,exhausted
427,exist
428,exist
429,exist
430,exists
431,expects
432,explained
433,extinguished
434,extravagant
435,extremely
436,eyes
437,facsimiles
438,fact
439,facts
440,faithful
441,faithfully
442,fall
443,fall
444,fallacious
445,fallacy
446,fallible
447,FALSE
448,FALSE
449,fanatics
450,farther
451,fashion
452,father
453,fathomless
454,fear
455,fearfulness
456,fecal
457,feebly
458,felt
459,few
460,fifteen
461,figures
462,filled
463,find
464,finding
465,first
466,first
467,five
468,floor
469,floors
470,floors
471,flung
472,followed
473,following
474,follows
475,for
476,forbidden
477,foreseen
478,forget
479,form
480,format
481,format
482,format
483,formless
484,formula
485,formulate
486,formulated
487,forty
488,found
489,four
490,free
491,frenzy
492,frequent
493,from
494,fruit
495,function
496,functionarys
497,fundamental
498,furor
499,future
500,future
501,future
502,galleries
503,galleries
504,gallery
505,general
506,generally
507,generated
508,genius
509,gift
510,gladdened
511,glance
512,god
513,gods
514,gone
515,gospel
516,gospel
517,grammars
518,grave
519,great
520,greedy
521,habit
522,had
523,hallway
524,hand
525,handling
526,hands
527,happiness
528,happiness
529,hardly
530,has
531,have
532,he
533,heaven
534,height
535,held
536,hell
537,here
538,heretical
539,hexagon
540,hexagons
541,hexagon
542,hexagon
543,hexagonal
544,hexagons
545,hexagons
546,hexagons
547,hide
548,him
549,his
550,history
551,history
552,homogeneous
553,honor
554,hope
555,hope
556,hope
557,hoped
558,horror
559,housed
560,how
561,human
562,human
563,humanitys
564,humble
565,hundred
566,hygienic
567,hypothesi
568,idealists
569,identical
570,if
571,ignorance
572,illogical
573,illuminated
574,illusory
575,illustrated
576,imaginary
577,imagine
578,imitated
579,immediate
580,impenetrable
581,imperfect
582,impious
583,impossible
584,impression
585,improbable
586,in
587,inaccessible
588,inaccessible
589,inalterable
590,incessant
591,includes
592,incoherence
593,incoherences
594,incoherent
595,incomprehensible
596,inconceivable
597,inconceivable
598,incontrovertible
599,incorruptible
600,indefinite
601,indicate
602,indicates
603,inevitably
604,inexhaustible
605,infamous
606,infer
607,infinite
608,infinite
609,infinite
610,infinite
611,infinitely
612,infinitesimal
613,infinity
614,inflections
615,influence
616,inhabitants
617,inimitably
618,innumerable
619,inordinate
620,inquisitors
621,inside
622,insinuated
623,instant
624,insufficient
625,intact
626,intention
627,interminably
628,interpolated
629,interpolations
630,into
631,intolerable
632,intuition
633,invaded
634,invariable
635,inventors
636,inversely
637,irreplaceable
638,is
639,issue
640,it
641,it
642,it
643,its
644,journeys
645,judge
646,juggle
647,jumbles
648,just
649,justification
650,justified
651,justified
652,justified
653,killed
654,kiss
655,know
656,know
657,known
658,labyrinth
659,lack
660,ladder
661,ladder
662,lamps
663,language
664,language
665,language?
666,languages
667,languages
668,languages
669,last
670,lasting
671,latrines
672,law
673,leads
674,leaf
675,leafed
676,leagues
677,least
678,leaves
679,left
680,let
681,letter
682,letter
683,letters
684,letters
685,letters
686,letters
687,librarian
688,librarian
689,librarian
690,librarians
691,librarians
692,library
693,light
694,like
695,limit
696,limit
697,limited
698,line
699,line
700,lines
701,lines
702,lines
703,locate
704,long
705,looking
706,low
707,lower
708,mad
709,made
710,magical
711,maintain
712,malevolent
713,man
714,mans
715,manner
716,manner
717,manuscript
718,many
719,masters
720,matter
721,may
722,me
723,me
724,meaning
725,meaning
726,mecum
727,melancholy
728,mem
729,memory
730,men
731,men
732,men
733,mentioned
734,mere
735,met
736,metal
737,method
738,methodical
739,middle
740,might
741,miles
742,millions
743,mimic
744,mind
745,minutely
746,miraculous
747,mirror
748,ml√∂
749,more
750,most
751,motionless
752,much
753,multiform
754,must
755,my
756,mysteries
757,mysterious
758,mystics
759,n
760,name
761,narrow
762,native
763,natural
764,natural
765,nature
766,nearest
767,nearly
768,necessary
769,necessities
770,negate
771,negates
772,neglect
773,nexttolast
774,nights
775,nine
776,ninety
777,ninetyfour
778,no
779,nonsense
780,nonsense
781,normal
782,not
783,not
784,notable
785,note
786,nothing
787,notions
788,notoriously
789,now
790,number
791,number
792,obliged
793,obscure
794,observe
795,observed
796,of
797,official
798,old
799,on
800,one
801,ones
802,one
803,ones
804,only
805,onto
806,opens
807,opinion
808,or
809,or
810,order
811,orders
812,ordinary
813,organic
814,origin
815,original
816,originators
817,orthographical
818,other
819,other
820,other
821,others
822,others
823,others
824,our
825,out
826,outraged
827,over
828,page
829,page
830,pages
831,pages
832,palm
833,part
834,passes
835,past
836,pentagonal
837,per
838,perceive
839,perdition
840,peregrinations
841,perfect
842,perfectly
843,performance
844,perhaps
845,period
846,period
847,periods
848,permitted
849,persist
850,personal
851,persons
852,perversely
853,phantoms
854,philosophers
855,phrases
856,pick
857,pilgrims
858,pious
859,place
860,placed
861,placed
862,places
863,planes
864,point
865,polished
866,population
867,position
868,position
869,possibility
870,possible
871,possible
872,postulate
873,powerful
874,pray
875,precious
876,prefer
877,prefigure
878,premises
879,preparing
880,present
881,prevail
882,printed
883,problem
884,problem
885,proclaimed
886,prodigious
887,produced
888,produced
889,product
890,proferred
891,projections
892,promise
893,prophecy
894,proportion
895,proposed
896,prostrate
897,prove
898,provided
899,pulmonary
900,punctual
901,punctuation
902,pure
903,pyramid
904,pyramids
905,quite
906,railing
907,railings
908,reach
909,read
910,reason
911,reasonable
912,reasoned
913,recall
914,reduction
915,refer
916,refutation
917,region
918,regions
919,register
920,regressive
921,remember
922,remote
923,repeat
924,repeat
925,repeat
926,repeated
927,repeated
928,repetition
929,represent
930,repudiate
931,required
932,rest
933,rest
934,retained
935,reveals
936,reverse
937,rhetorical
938,right
939,rigorously
940,room
941,rooms
942,rudimentary
943,rushed
944,said
945,same
946,satisfactorily
947,satisfy
948,saw
949,say
950,say
951,says
952,scarcely
953,scrawls
954,search
955,searchers
956,searchers
957,searches
958,seated
959,secret
960,secret
961,sect
962,sect
963,see
964,see
965,seem
966,seemed
967,seen
968,sense
969,senseless
970,sensible
971,series
972,seven
973,seventeenth
974,several
975,severe
976,shafts
977,shafts
978,shall
979,shelf
980,shelves
981,shelves
982,shelves
983,should
984,showed
985,side
986,sides
987,signify
988,signs
989,silky
990,similar
991,single
992,sink
993,sinks
994,sleep
995,small
996,smaller
997,so
998,soars
999,solid
1000,solitary
1001,solitude
1002,solution
1003,solve
1004,some
1005,sometimes
1006,space
1007,space
1008,space
1009,speak
1010,speak
1011,speaking
1012,species
1013,sphere
1014,spherical
1015,spine
1016,spiral
1017,spite
1018,squandered
1019,stairs
1020,stairway
1021,stairway
1022,stairways
1023,stairways
1024,standing
1025,state
1026,statement
1027,still
1028,story
1029,straightforward
1030,strangled
1031,structure
1032,structures
1033,such
1034,suddenly
1035,suffice
1036,suffices
1037,sufficient
1038,sufficient
1039,suggest
1040,suggested
1041,suicides
1042,summarizing
1043,superimposition
1044,superstition
1045,superstitious
1046,suppose
1047,sure
1048,surfaces
1049,surrounded
1050,suspect
1051,suspect
1052,sweet
1053,syllable
1054,symbol
1055,symbols
1056,symbols
1057,symmetrical
1058,system
1059,talk
1060,task
1061,taste
1062,tautology
1063,ten
1064,tenderness
1065,terrible
1066,testimony
1067,text
1068,than
1069,that
1070,the
1071,their
1072,them
1073,them
1074,them
1075,themselves
1076,themselves
1077,theory
1078,there
1079,thereof
1080,these
1081,these
1082,thesis
1083,they
1084,thin
1085,think
1086,thinker
1087,third
1088,thirty
1089,thirtyfive
1090,this
1091,this
1092,those
1093,though
1094,thought
1095,thousand
1096,thousands
1097,three
1098,through
1099,throw
1100,thus
1101,thy
1102,time
1103,time
1104,time
1105,times
1106,tired
1107,to
1108,told
1109,tongue
1110,tongues
1111,total
1112,total
1113,tragic
1114,translation
1115,transversally
1116,traveled
1117,traveler
1118,travelers
1119,treacherous
1120,treasure
1121,triangular
1122,TRUE
1123,TRUE
1124,truth
1125,trying
1126,turns
1127,twentyfive
1128,twentyodd
1129,twentytwo
1130,two
1131,two
1132,two
1133,type
1134,ubiquitous
1135,uncouth
1136,under
1137,understanding
1138,unending
1139,unfold
1140,uniform
1141,unique
1142,unique
1143,universe
1144,universe
1145,universe
1146,unknown
1147,unlikely
1148,unlimited
1149,unprecedented
1150,unspeakable
1151,until
1152,up
1153,up
1154,up
1155,upon
1156,upper
1157,upwards
1158,urged
1159,us
1160,use
1161,used
1162,useless
1163,useless
1164,useless
1165,usual
1166,usually
1167,usurped
1168,vade
1169,vague
1170,vain
1171,value
1172,value
1173,variation
1174,variations
1175,varied
1176,vast
1177,vast
1178,venerated
1179,venture
1180,verbal
1181,verisimilar
1182,very
1183,vestiges
1184,vindicated
1185,vocabularies
1186,vocabulary
1187,volume
1188,volumes
1189,volumes
1190,walls
1191,wandered
1192,wandering
1193,was
1194,wasted
1195,wavering
1196,we
1197,well
1198,well
1199,went
1200,were
1201,were
1202,what
1203,which
1204,which
1205,who
1206,who
1207,whole
1208,whose
1209,why
1210,will
1211,wind
1212,wisdom
1213,wish
1214,with
1215,without
1216,word
1217,words
1218,words
1219,words
1220,words
1221,wordy
1222,work
1223,works
1224,works
1225,world
1226,world
1227,would
1228,write
1229,writing
1230,written
1231,years
1232,years
1233,you
1234,young
1235,your
1236,youth
1237,zero
1238,zone
1239,Avarez